{
  "pp_0_lookup": {
    "count": 1766,
    "total_s": 0.006295083090662956,
    "mean_ms": 0.003564599711587178
  },
  "pp_1_states_view": {
    "count": 1766,
    "total_s": 0.048324137926101685,
    "mean_ms": 0.027363611509683854
  },
  "pp_2_gu_preload": {
    "count": 1766,
    "total_s": 4.2071714624762535,
    "mean_ms": 2.3823167964191696
  },
  "pp_3_dn_preload": {
    "count": 1766,
    "total_s": 2.2360017970204353,
    "mean_ms": 1.2661391829107789
  },
  "pp_4_append": {
    "count": 1766,
    "total_s": 0.003117509186267853,
    "mean_ms": 0.0017652939899591466
  }
}