{
  "sub_0_preamble": {
    "count": 1488,
    "total_s": 0.05553808435797691,
    "mean_ms": 0.03732398142337158
  },
  "sub_1_pinned_d2h": {
    "count": 1488,
    "total_s": 0.16654963977634907,
    "mean_ms": 0.1119285213550733
  },
  "sub_2_diag_counter": {
    "count": 1488,
    "total_s": 0.10087008588016033,
    "mean_ms": 0.06778903620978517
  },
  "sub_3_expert_scan": {
    "count": 1488,
    "total_s": 1.7709131799638271,
    "mean_ms": 1.1901298252445076
  },
  "sub_4_preload": {
    "count": 983,
    "total_s": 6.59647560864687,
    "mean_ms": 6.710555044401699
  },
  "sub_5_submit_async": {
    "count": 983,
    "total_s": 0.1898390520364046,
    "mean_ms": 0.19312212821607794
  },
  "sub_6_stash_meta": {
    "count": 983,
    "total_s": 0.009892212226986885,
    "mean_ms": 0.01006328812511382
  }
}