{
  "sub_0_preamble": {
    "count": 1488,
    "total_s": 0.049514200538396835,
    "mean_ms": 0.03327567240483659
  },
  "sub_1_pinned_d2h": {
    "count": 1488,
    "total_s": 0.1524890586733818,
    "mean_ms": 0.10247920609770282
  },
  "sub_2_diag_counter": {
    "count": 1488,
    "total_s": 0.08605631440877914,
    "mean_ms": 0.05783354462955588
  },
  "sub_3_expert_scan": {
    "count": 1488,
    "total_s": 1.7296587936580181,
    "mean_ms": 1.162405103264797
  },
  "sub_4_preload": {
    "count": 988,
    "total_s": 7.135597733780742,
    "mean_ms": 7.222264912733544
  },
  "sub_5_submit_async": {
    "count": 988,
    "total_s": 0.14319551177322865,
    "mean_ms": 0.14493472851541359
  },
  "sub_6_stash_meta": {
    "count": 988,
    "total_s": 0.007703661918640137,
    "mean_ms": 0.007797228662591232
  }
}