{
  "step_1_routing": {
    "count": 1488,
    "total_s": 0.5072551965713501,
    "mean_ms": 0.3408973095237568
  },
  "step_2_submit": {
    "count": 1488,
    "total_s": 9.674473082646728,
    "mean_ms": 6.501662017907748
  },
  "step_3_gpu_expert_loop": {
    "count": 1488,
    "total_s": 11.132568143308163,
    "mean_ms": 7.481564612438281
  },
  "step_4_sync": {
    "count": 1488,
    "total_s": 1.170436443760991,
    "mean_ms": 0.7865836315598058
  },
  "step_5_merge": {
    "count": 1488,
    "total_s": 0.05925077013671398,
    "mean_ms": 0.03981906595209273
  }
}