{
  "step_1_routing": {
    "count": 1488,
    "total_s": 0.4360864832997322,
    "mean_ms": 0.2930688731853039
  },
  "step_2_submit": {
    "count": 1488,
    "total_s": 0.7494353875517845,
    "mean_ms": 0.5036528142149089
  },
  "step_3_gpu_expert_loop": {
    "count": 1488,
    "total_s": 10.841630887240171,
    "mean_ms": 7.2860422629302235
  },
  "step_4_sync": {
    "count": 1488,
    "total_s": 0.043612414970993996,
    "mean_ms": 0.029309418663302417
  },
  "step_5_merge": {
    "count": 1488,
    "total_s": 0.050419578328728676,
    "mean_ms": 0.03388412522091981
  }
}